{"sort": "ImportDate desc", "include_total": true, "resource_id": "8ff027dc-2da2-42e8-85de-78ac3faf470e", "fields": [{"info": {"notes": "", "label": "\u6e2c\u7ad9\u540d\u7a31"}, "type": "text", "id": "SiteName"}, {"info": {"notes": "", "label": "\u7e23\u5e02"}, "type": "text", "id": "County"}, {"info": {"notes": "", "label": "\u7a7a\u6c23\u54c1\u8cea\u6307\u6a19"}, "type": "text", "id": "AQI"}, {"info": {"notes": "", "label": "\u7a7a\u6c23\u6c61\u67d3\u6307\u6a19\u7269"}, "type": "text", "id": "Pollutant"}, {"info": {"notes": "", "label": "\u72c0\u614b"}, "type": "text", "id": "Status"}, {"info": {"notes": "", "label": "\u4e8c\u6c27\u5316\u786b(ppb)"}, "type": "text", "id": "SO2"}, {"info": {"notes": "", "label": "\u4e00\u6c27\u5316\u78b3(ppm)"}, "type": "text", "id": "CO"}, {"info": {"notes": "", "label": "\u4e00\u6c27\u5316\u78b38\u5c0f\u6642\u79fb\u52d5\u5e73\u5747(ppm)"}, "type": "text", "id": "CO_8hr"}, {"info": {"notes": "", "label": "\u81ed\u6c27(ppb)"}, "type": "text", "id": "O3"}, {"info": {"notes": "", "label": "\u81ed\u6c278\u5c0f\u6642\u79fb\u52d5\u5e73\u5747(ppb)"}, "type": "text", "id": "O3_8hr"}, {"info": {"notes": "", "label": "\u61f8\u6d6e\u5fae\u7c92(\u03bcg/m3)"}, "type": "text", "id": "PM10"}, {"info": {"notes": "", "label": "\u7d30\u61f8\u6d6e\u5fae\u7c92(\u03bcg/m3)"}, "type": "text", "id": "PM2.5"}, {"info": {"notes": "", "label": "\u4e8c\u6c27\u5316\u6c2e(ppb)"}, "type": "text", "id": "NO2"}, {"info": {"notes": "", "label": "\u6c2e\u6c27\u5316\u7269(ppb)"}, "type": "text", "id": "NOx"}, {"info": {"notes": "", "label": "\u4e00\u6c27\u5316\u6c2e(ppb)"}, "type": "text", "id": "NO"}, {"info": {"notes": "", "label": "\u98a8\u901f(m/sec)"}, "type": "text", "id": "WindSpeed"}, {"info": {"notes": "", "label": "\u98a8\u5411(degrees)"}, "type": "text", "id": "WindDirec"}, {"info": {"notes": "", "label": "\u8cc7\u6599\u5efa\u7f6e\u65e5\u671f"}, "type": "text", "id": "PublishTime"}, {"info": {"notes": "", "label": "\u7d30\u61f8\u6d6e\u5fae\u7c92\u79fb\u52d5\u5e73\u5747\u503c(\u03bcg/m3)"}, "type": "text", "id": "PM2.5_AVG"}, {"info": {"notes": "", "label": "\u61f8\u6d6e\u5fae\u7c92\u79fb\u52d5\u5e73\u5747\u503c(\u03bcg/m3)"}, "type": "text", "id": "PM10_AVG"}, {"info": {"notes": "", "label": "\u4e8c\u6c27\u5316\u786b\u79fb\u52d5\u5e73\u5747\u503c(ppb)"}, "type": "text", "id": "SO2_AVG"}, {"info": {"notes": "", "label": "\u7d93\u5ea6"}, "type": "text", "id": "Longitude"}, {"info": {"notes": "", "label": "\u7def\u5ea6"}, "type": "text", "id": "Latitude"}, {"info": {"notes": "", "label": "\u6e2c\u7ad9\u7de8\u865f"}, "type": "text", "id": "SiteId"}], "__extras": {"api_key": "9be7b239-557b-4c10-9775-78cadfc555e9"}, "records_format": "objects", "records": [{"SiteName": "\u57fa\u9686", "County": "\u57fa\u9686\u5e02", "AQI": "42", "Pollutant": "", "Status": "\u826f\u597d", "SO2": "0.3", "CO": "0.21", "CO_8hr": "0.2", "O3": "53.2", "O3_8hr": "45", "PM10": "20", "PM2.5": "14", "NO2": "1.9", "NOx": "2.8", "NO": "0.8", "WindSpeed": "2.6", "WindDirec": "95", "PublishTime": "2021/09/17 15:00:00", "PM2.5_AVG": "11", "PM10_AVG": "17", "SO2_AVG": "0", "Longitude": "121.760056", "Latitude": "25.129167", "SiteId": "1", "ImportDate": "2021-09-17 15:54:01.273000"}, {"SiteName": "\u6c50\u6b62", "County": "\u65b0\u5317\u5e02", "AQI": "34", "Pollutant": "", "Status": "\u826f\u597d", "SO2": "1.7", "CO": "0.2", "CO_8hr": "0.3", "O3": "45.8", "O3_8hr": "35", "PM10": "19", "PM2.5": "8", "NO2": "8.8", "NOx": "10.3", "NO": "1.4", "WindSpeed": "1.4", "WindDirec": "0", "PublishTime": "2021/09/17 15:00:00", "PM2.5_AVG": "10", "PM10_AVG": "21", "SO2_AVG": "1", "Longitude": "121.6423", "Latitude": "25.067131", "SiteId": "2", "ImportDate": "2021-09-17 15:54:01.273000"}, {"SiteName": "\u842c\u91cc", "County": "\u65b0\u5317\u5e02", "AQI": "44", "Pollutant": "", "Status": "\u826f\u597d", "SO2": "0", "CO": "0.19", "CO_8hr": "0.1", "O3": "58.5", "O3_8hr": "47", "PM10": "42", "PM2.5": "11", "NO2": "2.1", "NOx": "2.7", "NO": "0.5", "WindSpeed": "2.6", "WindDirec": "74", "PublishTime": "2021/09/17 15:00:00", "PM2.5_AVG": "8", "PM10_AVG": "35", "SO2_AVG": "0", "Longitude": "121.689881", "Latitude": "25.179667", "SiteId": "3", "ImportDate": "2021-09-17 15:54:01.273000"}, {"SiteName": "\u65b0\u5e97", "County": "\u65b0\u5317\u5e02", "AQI": "51", "Pollutant": "\u7d30\u61f8\u6d6e\u5fae\u7c92", "Status": "\u666e\u901a", "SO2": "2.9", "CO": "0.28", "CO_8hr": "0.4", "O3": "48.2", "O3_8hr": "53", "PM10": "21", "PM2.5": "17", "NO2": "13", "NOx": "14.1", "NO": "1", "WindSpeed": "1", "WindDirec": "330", "PublishTime": "2021/09/17 15:00:00", "PM2.5_AVG": "15", "PM10_AVG": "26", "SO2_AVG": "1", "Longitude": "121.537778", "Latitude": "24.977222", "SiteId": "4", "ImportDate": "2021-09-17 15:54:01.273000"}, {"SiteName": "\u571f\u57ce", "County": "\u65b0\u5317\u5e02", "AQI": "59", "Pollutant": "\u7d30\u61f8\u6d6e\u5fae\u7c92", "Status": "\u666e\u901a", "SO2": "0.8", "CO": "0.31", "CO_8hr": "0.5", "O3": "52.9", "O3_8hr": "56", "PM10": "26", "PM2.5": "", "NO2": "14.2", "NOx": "14.8", "NO": "0.6", "WindSpeed": "1.2", "WindDirec": "148", "PublishTime": "2021/09/17 15:00:00", "PM2.5_AVG": "18", "PM10_AVG": "34", "SO2_AVG": "0", "Longitude": "121.451861", "Latitude": "24.982528", "SiteId": "5", "ImportDate": "2021-09-17 15:54:01.273000"}, {"SiteName": "\u677f\u6a4b", "County": "\u65b0\u5317\u5e02", "AQI": "64", "Pollutant": "\u7d30\u61f8\u6d6e\u5fae\u7c92", "Status": "\u666e\u901a", "SO2": "2.6", "CO": "0.39", "CO_8hr": "0.5", "O3": "", "O3_8hr": "56", "PM10": "27", "PM2.5": "18", "NO2": "21.1", "NOx": "22.8", "NO": "1.7", "WindSpeed": "1.4", "WindDirec": "168", "PublishTime": "2021/09/17 15:00:00", "PM2.5_AVG": "20", "PM10_AVG": "35", "SO2_AVG": "1", "Longitude": "121.458667", "Latitude": "25.012972", "SiteId": "6", "ImportDate": "2021-09-17 15:54:01.273000"}, {"SiteName": "\u65b0\u838a", "County": "\u65b0\u5317\u5e02", "AQI": "69", "Pollutant": "\u7d30\u61f8\u6d6e\u5fae\u7c92", "Status": "\u666e\u901a", "SO2": "2.2", "CO": "0.28", "CO_8hr": "0.5", "O3": "56.6", "O3_8hr": "60", "PM10": "34", "PM2.5": "20", "NO2": "12.5", "NOx": "13.3", "NO": "0.8", "WindSpeed": "3.4", "WindDirec": "105", "PublishTime": "2021/09/17 15:00:00", "PM2.5_AVG": "22", "PM10_AVG": "42", "SO2_AVG": "2", "Longitude": "121.4325", "Latitude": "25.037972", "SiteId": "7", "ImportDate": "2021-09-17 15:54:01.273000"}, {"SiteName": "\u83dc\u5bee", "County": "\u65b0\u5317\u5e02", "AQI": "67", "Pollutant": "\u7d30\u61f8\u6d6e\u5fae\u7c92", "Status": "\u666e\u901a", "SO2": "", "CO": "", "CO_8hr": "0.6", "O3": "34.1", "O3_8hr": "52", "PM10": "", "PM2.5": "19", "NO2": "", "NOx": "", "NO": "", "WindSpeed": "3.6", "WindDirec": "145", "PublishTime": "2021/09/17 15:00:00", "PM2.5_AVG": "22", "PM10_AVG": "31", "SO2_AVG": "1", "Longitude": "121.481028", "Latitude": "25.06895", "SiteId": "8", "ImportDate": "2021-09-17 15:54:01.273000"}, {"SiteName": "\u6797\u53e3", "County": "\u65b0\u5317\u5e02", "AQI": "67", "Pollutant": "\u7d30\u61f8\u6d6e\u5fae\u7c92", "Status": "\u666e\u901a", "SO2": "1.5", "CO": "0.23", "CO_8hr": "0.3", "O3": "65.7", "O3_8hr": "57", "PM10": "28", "PM2.5": "18", "NO2": "2.6", "NOx": "2.7", "NO": "0.1", "WindSpeed": "1.3", "WindDirec": "318", "PublishTime": "2021/09/17 15:00:00", "PM2.5_AVG": "22", "PM10_AVG": "35", "SO2_AVG": "1", "Longitude": "121.376869", "Latitude": "25.077197", "SiteId": "9", "ImportDate": "2021-09-17 15:54:01.273000"}, {"SiteName": "\u6de1\u6c34", "County": "\u65b0\u5317\u5e02", "AQI": "53", "Pollutant": "\u7d30\u61f8\u6d6e\u5fae\u7c92", "Status": "\u666e\u901a", "SO2": "1.2", "CO": "0.23", "CO_8hr": "0.3", "O3": "57.1", "O3_8hr": "43", "PM10": "31", "PM2.5": "18", "NO2": "4", "NOx": "4.5", "NO": "0.5", "WindSpeed": "0.7", "WindDirec": "250", "PublishTime": "2021/09/17 15:00:00", "PM2.5_AVG": "16", "PM10_AVG": "27", "SO2_AVG": "1", "Longitude": "121.449239", "Latitude": "25.1645", "SiteId": "10", "ImportDate": "2021-09-17 15:54:01.273000"}, {"SiteName": "\u58eb\u6797", "County": "\u81fa\u5317\u5e02", "AQI": "60", "Pollutant": "\u7d30\u61f8\u6d6e\u5fae\u7c92", "Status": "\u666e\u901a", "SO2": "1.2", "CO": "0.23", "CO_8hr": "0.3", "O3": "44.6", "O3_8hr": "50", "PM10": "21", "PM2.5": "14", "NO2": "8.1", "NOx": "9.3", "NO": "1.2", "WindSpeed": "2.6", "WindDirec": "163", "PublishTime": "2021/09/17 15:00:00", "PM2.5_AVG": "19", "PM10_AVG": "38", "SO2_AVG": "1", "Longitude": "121.515389", "Latitude": "25.105417", "SiteId": "11", "ImportDate": "2021-09-17 15:54:01.273000"}, {"SiteName": "\u4e2d\u5c71", "County": "\u81fa\u5317\u5e02", "AQI": "60", "Pollutant": "\u7d30\u61f8\u6d6e\u5fae\u7c92", "Status": "\u666e\u901a", "SO2": "2.1", "CO": "0.42", "CO_8hr": "0.6", "O3": "31.2", "O3_8hr": "41", "PM10": "25", "PM2.5": "18", "NO2": "21.6", "NOx": "24.3", "NO": "2.7", "WindSpeed": "2.7", "WindDirec": "125", "PublishTime": "2021/09/17 15:00:00", "PM2.5_AVG": "19", "PM10_AVG": "30", "SO2_AVG": "1", "Longitude": "121.526528", "Latitude": "25.062361", "SiteId": "12", "ImportDate": "2021-09-17 15:54:01.273000"}, {"SiteName": "\u842c\u83ef", "County": "\u81fa\u5317\u5e02", "AQI": "62", "Pollutant": "\u7d30\u61f8\u6d6e\u5fae\u7c92", "Status": "\u666e\u901a", "SO2": "1.7", "CO": "0.37", "CO_8hr": "0.5", "O3": "34.1", "O3_8hr": "48", "PM10": "24", "PM2.5": "19", "NO2": "23.6", "NOx": "26.1", "NO": "2.5", "WindSpeed": "2", "WindDirec": "167", "PublishTime": "2021/09/17 15:00:00", "PM2.5_AVG": "20", "PM10_AVG": "28", "SO2_AVG": "1", "Longitude": "121.507972", "Latitude": "25.046503", "SiteId": "13", "ImportDate": "2021-09-17 15:54:01.273000"}, {"SiteName": "\u53e4\u4ead", "County": "\u81fa\u5317\u5e02", "AQI": "52", "Pollutant": "\u7d30\u61f8\u6d6e\u5fae\u7c92", "Status": "\u666e\u901a", "SO2": "2.5", "CO": "0.31", "CO_8hr": "0.4", "O3": "39.4", "O3_8hr": "50", "PM10": "21", "PM2.5": "14", "NO2": "17.3", "NOx": "18.1", "NO": "0.7", "WindSpeed": "0.4", "WindDirec": "61", "PublishTime": "2021/09/17 15:00:00", "PM2.5_AVG": "16", "PM10_AVG": "26", "SO2_AVG": "0", "Longitude": "121.529556", "Latitude": "25.020608", "SiteId": "14", "ImportDate": "2021-09-17 15:54:01.273000"}, {"SiteName": "\u677e\u5c71", "County": "\u81fa\u5317\u5e02", "AQI": "44", "Pollutant": "", "Status": "\u826f\u597d", "SO2": "", "CO": "", "CO_8hr": "0.4", "O3": "34.4", "O3_8hr": "32", "PM10": "", "PM2.5": "", "NO2": "", "NOx": "", "NO": "", "WindSpeed": "1.3", "WindDirec": "48", "PublishTime": "2021/09/17 15:00:00", "PM2.5_AVG": "13", "PM10_AVG": "27", "SO2_AVG": "1", "Longitude": "121.578611", "Latitude": "25.05", "SiteId": "15", "ImportDate": "2021-09-17 15:54:01.273000"}, {"SiteName": "\u5927\u540c", "County": "\u81fa\u5317\u5e02", "AQI": "68", "Pollutant": "\u7d30\u61f8\u6d6e\u5fae\u7c92", "Status": "\u666e\u901a", "SO2": "2.9", "CO": "1.11", "CO_8hr": "1.7", "O3": "18.8", "O3_8hr": "32", "PM10": "43", "PM2.5": "24", "NO2": "36.5", "NOx": "62.6", "NO": "26", "WindSpeed": "-", "WindDirec": "-", "PublishTime": "2021/09/17 15:00:00", "PM2.5_AVG": "22", "PM10_AVG": "38", "SO2_AVG": "2", "Longitude": "121.513311", "Latitude": "25.0632", "SiteId": "16", "ImportDate": "2021-09-17 15:54:01.273000"}, {"SiteName": "\u6843\u5712", "County": "\u6843\u5712\u5e02", "AQI": "70", "Pollutant": "\u7d30\u61f8\u6d6e\u5fae\u7c92", "Status": "\u666e\u901a", "SO2": "2.7", "CO": "0.34", "CO_8hr": "0.4", "O3": "71.7", "O3_8hr": "58", "PM10": "42", "PM2.5": "20", "NO2": "13.3", "NOx": "15.6", "NO": "2.3", "WindSpeed": "1", "WindDirec": "266", "PublishTime": "2021/09/17 15:00:00", "PM2.5_AVG": "23", "PM10_AVG": "38", "SO2_AVG": "2", "Longitude": "121.30872222", "Latitude": "24.98677778", "SiteId": "17", "ImportDate": "2021-09-17 15:54:01.273000"}, {"SiteName": "\u5927\u5712", "County": "\u6843\u5712\u5e02", "AQI": "71", "Pollutant": "\u81ed\u6c27\u516b\u5c0f\u6642", "Status": "\u666e\u901a", "SO2": "2.2", "CO": "0.24", "CO_8hr": "0.3", "O3": "64.1", "O3_8hr": "61", "PM10": "27", "PM2.5": "13", "NO2": "9.5", "NOx": "11", "NO": "1.5", "WindSpeed": "3.3", "WindDirec": "1", "PublishTime": "2021/09/17 15:00:00", "PM2.5_AVG": "20", "PM10_AVG": "36", "SO2_AVG": "2", "Longitude": "121.201811", "Latitude": "25.060344", "SiteId": "18", "ImportDate": "2021-09-17 15:54:01.273000"}, {"SiteName": "\u89c0\u97f3", "County": "\u6843\u5712\u5e02", "AQI": "87", "Pollutant": "\u81ed\u6c27\u516b\u5c0f\u6642", "Status": "\u666e\u901a", "SO2": "0.9", "CO": "0.23", "CO_8hr": "0.2", "O3": "91.8", "O3_8hr": "66", "PM10": "43", "PM2.5": "28", "NO2": "6.2", "NOx": "6.8", "NO": "0.5", "WindSpeed": "3", "WindDirec": "13", "PublishTime": "2021/09/17 15:00:00", "PM2.5_AVG": "22", "PM10_AVG": "35", "SO2_AVG": "1", "Longitude": "121.082761", "Latitude": "25.035503", "SiteId": "19", "ImportDate": "2021-09-17 15:54:01.273000"}, {"SiteName": "\u5e73\u93ae", "County": "\u6843\u5712\u5e02", "AQI": "75", "Pollutant": "\u7d30\u61f8\u6d6e\u5fae\u7c92", "Status": "\u666e\u901a", "SO2": "2.2", "CO": "0.35", "CO_8hr": "0.3", "O3": "81", "O3_8hr": "61", "PM10": "44", "PM2.5": "29", "NO2": "14.7", "NOx": "16.8", "NO": "2", "WindSpeed": "1.6", "WindDirec": "16", "PublishTime": "2021/09/17 15:00:00", "PM2.5_AVG": "25", "PM10_AVG": "39", "SO2_AVG": "1", "Longitude": "121.203986", "Latitude": "24.952786", "SiteId": "20", "ImportDate": "2021-09-17 15:54:01.273000"}, {"SiteName": "\u9f8d\u6f6d", "County": "\u6843\u5712\u5e02", "AQI": "80", "Pollutant": "\u81ed\u6c27\u516b\u5c0f\u6642", "Status": "\u666e\u901a", "SO2": "2.1", "CO": "0.32", "CO_8hr": "0.3", "O3": "73.7", "O3_8hr": "64", "PM10": "32", "PM2.5": "23", "NO2": "12.3", "NOx": "12.7", "NO": "0.4", "WindSpeed": "1.1", "WindDirec": "103", "PublishTime": "2021/09/17 15:00:00", "PM2.5_AVG": "21", "PM10_AVG": "33", "SO2_AVG": "1", "Longitude": "121.21635", "Latitude": "24.863869", "SiteId": "21", "ImportDate": "2021-09-17 15:54:01.273000"}, {"SiteName": "\u6e56\u53e3", "County": "\u65b0\u7af9\u7e23", "AQI": "77", "Pollutant": "\u81ed\u6c27\u516b\u5c0f\u6642", "Status": "\u666e\u901a", "SO2": "1.8", "CO": "0.24", "CO_8hr": "0.2", "O3": "87.5", "O3_8hr": "63", "PM10": "43", "PM2.5": "26", "NO2": "4.6", "NOx": "5.2", "NO": "0.5", "WindSpeed": "2.4", "WindDirec": "346", "PublishTime": "2021/09/17 15:00:00", "PM2.5_AVG": "22", "PM10_AVG": "33", "SO2_AVG": "1", "Longitude": "121.038653", "Latitude": "24.900142", "SiteId": "22", "ImportDate": "2021-09-17 15:54:01.273000"}, {"SiteName": "\u7af9\u6771", "County": "\u65b0\u7af9\u7e23", "AQI": "61", "Pollutant": "\u7d30\u61f8\u6d6e\u5fae\u7c92", "Status": "\u666e\u901a", "SO2": "0.7", "CO": "0.28", "CO_8hr": "0.3", "O3": "61", "O3_8hr": "52", "PM10": "29", "PM2.5": "23", "NO2": "6.8", "NOx": "7.3", "NO": "0.5", "WindSpeed": "1.7", "WindDirec": "338", "PublishTime": "2021/09/17 15:00:00", "PM2.5_AVG": "19", "PM10_AVG": "30", "SO2_AVG": "0", "Longitude": "121.088903", "Latitude": "24.740644", "SiteId": "23", "ImportDate": "2021-09-17 15:54:01.273000"}, {"SiteName": "\u65b0\u7af9", "County": "\u65b0\u7af9\u5e02", "AQI": "67", "Pollutant": "\u7d30\u61f8\u6d6e\u5fae\u7c92", "Status": "\u666e\u901a", "SO2": "0.4", "CO": "0.28", "CO_8hr": "0.3", "O3": "75.1", "O3_8hr": "55", "PM10": "39", "PM2.5": "27", "NO2": "5.4", "NOx": "6", "NO": "0.5", "WindSpeed": "1.6", "WindDirec": "334", "PublishTime": "2021/09/17 15:00:00", "PM2.5_AVG": "22", "PM10_AVG": "32", "SO2_AVG": "0", "Longitude": "120.972075", "Latitude": "24.805619", "SiteId": "24", "ImportDate": "2021-09-17 15:54:01.273000"}, {"SiteName": "\u982d\u4efd", "County": "\u82d7\u6817\u7e23", "AQI": "74", "Pollutant": "\u7d30\u61f8\u6d6e\u5fae\u7c92", "Status": "\u666e\u901a", "SO2": "2.6", "CO": "0.34", "CO_8hr": "0.3", "O3": "85.1", "O3_8hr": "59", "PM10": "49", "PM2.5": "32", "NO2": "5", "NOx": "6.9", "NO": "1.8", "WindSpeed": "2.8", "WindDirec": "344", "PublishTime": "2021/09/17 15:00:00", "PM2.5_AVG": "24", "PM10_AVG": "36", "SO2_AVG": "2", "Longitude": "120.898572", "Latitude": "24.696969", "SiteId": "25", "ImportDate": "2021-09-17 15:54:01.273000"}, {"SiteName": "\u82d7\u6817", "County": "\u82d7\u6817\u7e23", "AQI": "62", "Pollutant": "\u7d30\u61f8\u6d6e\u5fae\u7c92", "Status": "\u666e\u901a", "SO2": "1.9", "CO": "0.25", "CO_8hr": "0.3", "O3": "70.9", "O3_8hr": "57", "PM10": "27", "PM2.5": "16", "NO2": "4.6", "NOx": "5.8", "NO": "1.2", "WindSpeed": "1.8", "WindDirec": "325", "PublishTime": "2021/09/17 15:00:00", "PM2.5_AVG": "19", "PM10_AVG": "31", "SO2_AVG": "1", "Longitude": "120.8202", "Latitude": "24.565269", "SiteId": "26", "ImportDate": "2021-09-17 15:54:01.273000"}, {"SiteName": "\u4e09\u7fa9", "County": "\u82d7\u6817\u7e23", "AQI": "67", "Pollutant": "\u81ed\u6c27\u516b\u5c0f\u6642", "Status": "\u666e\u901a", "SO2": "2.4", "CO": "0.25", "CO_8hr": "0.3", "O3": "76.4", "O3_8hr": "60", "PM10": "38", "PM2.5": "17", "NO2": "4", "NOx": "5.5", "NO": "1.5", "WindSpeed": "3.3", "WindDirec": "6", "PublishTime": "2021/09/17 15:00:00", "PM2.5_AVG": "21", "PM10_AVG": "36", "SO2_AVG": "1", "Longitude": "120.758833", "Latitude": "24.382942", "SiteId": "27", "ImportDate": "2021-09-17 15:54:01.273000"}, {"SiteName": "\u8c50\u539f", "County": "\u81fa\u4e2d\u5e02", "AQI": "79", "Pollutant": "\u7d30\u61f8\u6d6e\u5fae\u7c92", "Status": "\u666e\u901a", "SO2": "3.1", "CO": "0.34", "CO_8hr": "0.4", "O3": "79.8", "O3_8hr": "63", "PM10": "44", "PM2.5": "24", "NO2": "7.6", "NOx": "8.3", "NO": "0.7", "WindSpeed": "2.9", "WindDirec": "337", "PublishTime": "2021/09/17 15:00:00", "PM2.5_AVG": "26", "PM10_AVG": "39", "SO2_AVG": "1", "Longitude": "120.741711", "Latitude": "24.256586", "SiteId": "28", "ImportDate": "2021-09-17 15:54:01.273000"}, {"SiteName": "\u6c99\u9e7f", "County": "\u81fa\u4e2d\u5e02", "AQI": "90", "Pollutant": "\u81ed\u6c27\u516b\u5c0f\u6642", "Status": "\u666e\u901a", "SO2": "2.5", "CO": "0.21", "CO_8hr": "0.2", "O3": "83.9", "O3_8hr": "67", "PM10": "40", "PM2.5": "23", "NO2": "7.8", "NOx": "9.8", "NO": "2", "WindSpeed": "2.9", "WindDirec": "341", "PublishTime": "2021/09/17 15:00:00", "PM2.5_AVG": "24", "PM10_AVG": "40", "SO2_AVG": "2", "Longitude": "120.568794", "Latitude": "24.225628", "SiteId": "29", "ImportDate": "2021-09-17 15:54:01.273000"}, {"SiteName": "\u5927\u91cc", "County": "\u81fa\u4e2d\u5e02", "AQI": "83", "Pollutant": "\u7d30\u61f8\u6d6e\u5fae\u7c92", "Status": "\u666e\u901a", "SO2": "7.8", "CO": "0.56", "CO_8hr": "0.3", "O3": "90.6", "O3_8hr": "60", "PM10": "51", "PM2.5": "37", "NO2": "15", "NOx": "16.7", "NO": "1.7", "WindSpeed": "3", "WindDirec": "279", "PublishTime": "2021/09/17 15:00:00", "PM2.5_AVG": "28", "PM10_AVG": "44", "SO2_AVG": "2", "Longitude": "120.67844444", "Latitude": "24.09961111", "SiteId": "30", "ImportDate": "2021-09-17 15:54:01.273000"}, {"SiteName": "\u5fe0\u660e", "County": "\u81fa\u4e2d\u5e02", "AQI": "77", "Pollutant": "\u7d30\u61f8\u6d6e\u5fae\u7c92", "Status": "\u666e\u901a", "SO2": "6.1", "CO": "0.52", "CO_8hr": "0.4", "O3": "86.2", "O3_8hr": "59", "PM10": "50", "PM2.5": "30", "NO2": "18.4", "NOx": "19.8", "NO": "1.3", "WindSpeed": "2.3", "WindDirec": "308", "PublishTime": "2021/09/17 15:00:00", "PM2.5_AVG": "26", "PM10_AVG": "41", "SO2_AVG": "2", "Longitude": "120.641092", "Latitude": "24.151958", "SiteId": "31", "ImportDate": "2021-09-17 15:54:01.273000"}, {"SiteName": "\u897f\u5c6f", "County": "\u81fa\u4e2d\u5e02", "AQI": "73", "Pollutant": "\u7d30\u61f8\u6d6e\u5fae\u7c92", "Status": "\u666e\u901a", "SO2": "7.7", "CO": "0.38", "CO_8hr": "0.3", "O3": "", "O3_8hr": "51", "PM10": "50", "PM2.5": "27", "NO2": "12.8", "NOx": "14.6", "NO": "1.8", "WindSpeed": "2.4", "WindDirec": "312", "PublishTime": "2021/09/17 15:00:00", "PM2.5_AVG": "24", "PM10_AVG": "49", "SO2_AVG": "3", "Longitude": "120.616917", "Latitude": "24.162197", "SiteId": "32", "ImportDate": "2021-09-17 15:54:01.273000"}, {"SiteName": "\u5f70\u5316", "County": "\u5f70\u5316\u7e23", "AQI": "77", "Pollutant": "\u81ed\u6c27\u516b\u5c0f\u6642", "Status": "\u666e\u901a", "SO2": "2.8", "CO": "0.19", "CO_8hr": "0.2", "O3": "82.3", "O3_8hr": "63", "PM10": "41", "PM2.5": "22", "NO2": "6.6", "NOx": "7", "NO": "0.4", "WindSpeed": "2.9", "WindDirec": "335", "PublishTime": "2021/09/17 15:00:00", "PM2.5_AVG": "23", "PM10_AVG": "39", "SO2_AVG": "2", "Longitude": "120.541519", "Latitude": "24.066", "SiteId": "33", "ImportDate": "2021-09-17 15:54:01.273000"}, {"SiteName": "\u7dda\u897f", "County": "\u5f70\u5316\u7e23", "AQI": "74", "Pollutant": "\u81ed\u6c27\u516b\u5c0f\u6642", "Status": "\u666e\u901a", "SO2": "1.6", "CO": "0.24", "CO_8hr": "0.2", "O3": "76.9", "O3_8hr": "62", "PM10": "36", "PM2.5": "18", "NO2": "2.7", "NOx": "4", "NO": "1.2", "WindSpeed": "3.6", "WindDirec": "351", "PublishTime": "2021/09/17 15:00:00", "PM2.5_AVG": "20", "PM10_AVG": "44", "SO2_AVG": "1", "Longitude": "120.469061", "Latitude": "24.131672", "SiteId": "34", "ImportDate": "2021-09-17 15:54:01.273000"}, {"SiteName": "\u4e8c\u6797", "County": "\u5f70\u5316\u7e23", "AQI": "65", "Pollutant": "\u7d30\u61f8\u6d6e\u5fae\u7c92", "Status": "\u666e\u901a", "SO2": "2.1", "CO": "0.22", "CO_8hr": "0.2", "O3": "68.6", "O3_8hr": "55", "PM10": "42", "PM2.5": "19", "NO2": "2", "NOx": "3.7", "NO": "1.7", "WindSpeed": "2.1", "WindDirec": "312", "PublishTime": "2021/09/17 15:00:00", "PM2.5_AVG": "21", "PM10_AVG": "40", "SO2_AVG": "1", "Longitude": "120.409653", "Latitude": "23.925175", "SiteId": "35", "ImportDate": "2021-09-17 15:54:01.273000"}, {"SiteName": "\u5357\u6295", "County": "\u5357\u6295\u7e23", "AQI": "75", "Pollutant": "\u7d30\u61f8\u6d6e\u5fae\u7c92", "Status": "\u666e\u901a", "SO2": "2.4", "CO": "0.27", "CO_8hr": "0.2", "O3": "80.8", "O3_8hr": "53", "PM10": "47", "PM2.5": "37", "NO2": "8.5", "NOx": "10.1", "NO": "1.5", "WindSpeed": "2.5", "WindDirec": "25", "PublishTime": "2021/09/17 15:00:00", "PM2.5_AVG": "25", "PM10_AVG": "35", "SO2_AVG": "2", "Longitude": "120.685306", "Latitude": "23.913", "SiteId": "36", "ImportDate": "2021-09-17 15:54:01.273000"}, {"SiteName": "\u6597\u516d", "County": "\u96f2\u6797\u7e23", "AQI": "70", "Pollutant": "\u7d30\u61f8\u6d6e\u5fae\u7c92", "Status": "\u666e\u901a", "SO2": "2.2", "CO": "0.23", "CO_8hr": "0.2", "O3": "75.9", "O3_8hr": "59", "PM10": "36", "PM2.5": "25", "NO2": "4.6", "NOx": "5.6", "NO": "1", "WindSpeed": "2.7", "WindDirec": "335", "PublishTime": "2021/09/17 15:00:00", "PM2.5_AVG": "23", "PM10_AVG": "32", "SO2_AVG": "1", "Longitude": "120.544994", "Latitude": "23.711853", "SiteId": "37", "ImportDate": "2021-09-17 15:54:01.273000"}, {"SiteName": "\u5d19\u80cc", "County": "\u96f2\u6797\u7e23", "AQI": "67", "Pollutant": "\u7d30\u61f8\u6d6e\u5fae\u7c92", "Status": "\u666e\u901a", "SO2": "3.8", "CO": "0.2", "CO_8hr": "0.2", "O3": "63.5", "O3_8hr": "50", "PM10": "27", "PM2.5": "21", "NO2": "8.2", "NOx": "9.7", "NO": "1.4", "WindSpeed": "2.1", "WindDirec": "325", "PublishTime": "2021/09/17 15:00:00", "PM2.5_AVG": "22", "PM10_AVG": "32", "SO2_AVG": "2", "Longitude": "120.348742", "Latitude": "23.757547", "SiteId": "38", "ImportDate": "2021-09-17 15:54:01.273000"}, {"SiteName": "\u65b0\u6e2f", "County": "\u5609\u7fa9\u7e23", "AQI": "57", "Pollutant": "\u7d30\u61f8\u6d6e\u5fae\u7c92", "Status": "\u666e\u901a", "SO2": "2.4", "CO": "0.18", "CO_8hr": "0.2", "O3": "55.1", "O3_8hr": "42", "PM10": "28", "PM2.5": "18", "NO2": "3.5", "NOx": "4.1", "NO": "0.6", "WindSpeed": "2.8", "WindDirec": "291", "PublishTime": "2021/09/17 15:00:00", "PM2.5_AVG": "17", "PM10_AVG": "26", "SO2_AVG": "2", "Longitude": "120.345531", "Latitude": "23.554839", "SiteId": "39", "ImportDate": "2021-09-17 15:54:01.273000"}, {"SiteName": "\u6734\u5b50", "County": "\u5609\u7fa9\u7e23", "AQI": "44", "Pollutant": "", "Status": "\u826f\u597d", "SO2": "2", "CO": "0.18", "CO_8hr": "0.2", "O3": "60.1", "O3_8hr": "47", "PM10": "24", "PM2.5": "9", "NO2": "2.9", "NOx": "4", "NO": "1.1", "WindSpeed": "2.3", "WindDirec": "328", "PublishTime": "2021/09/17 15:00:00", "PM2.5_AVG": "12", "PM10_AVG": "22", "SO2_AVG": "2", "Longitude": "120.24781111", "Latitude": "23.46712222", "SiteId": "40", "ImportDate": "2021-09-17 15:54:01.273000"}, {"SiteName": "\u81fa\u897f", "County": "\u96f2\u6797\u7e23", "AQI": "44", "Pollutant": "", "Status": "\u826f\u597d", "SO2": "", "CO": "0.16", "CO_8hr": "0.1", "O3": "63.5", "O3_8hr": "48", "PM10": "21", "PM2.5": "11", "NO2": "", "NOx": "", "NO": "", "WindSpeed": "2.7", "WindDirec": "310", "PublishTime": "2021/09/17 15:00:00", "PM2.5_AVG": "12", "PM10_AVG": "22", "SO2_AVG": "0", "Longitude": "120.19933333", "Latitude": "23.702175", "SiteId": "41", "ImportDate": "2021-09-17 15:54:01.273000"}, {"SiteName": "\u5609\u7fa9", "County": "\u5609\u7fa9\u5e02", "AQI": "70", "Pollutant": "\u7d30\u61f8\u6d6e\u5fae\u7c92", "Status": "\u666e\u901a", "SO2": "", "CO": "0.19", "CO_8hr": "0.2", "O3": "56.2", "O3_8hr": "45", "PM10": "30", "PM2.5": "24", "NO2": "", "NOx": "", "NO": "", "WindSpeed": "3.6", "WindDirec": "329", "PublishTime": "2021/09/17 15:00:00", "PM2.5_AVG": "23", "PM10_AVG": "32", "SO2_AVG": "2", "Longitude": "120.44083333", "Latitude": "23.462778", "SiteId": "42", "ImportDate": "2021-09-17 15:54:01.273000"}, {"SiteName": "\u65b0\u71df", "County": "\u81fa\u5357\u5e02", "AQI": "60", "Pollutant": "\u7d30\u61f8\u6d6e\u5fae\u7c92", "Status": "\u666e\u901a", "SO2": "1.6", "CO": "0.21", "CO_8hr": "0.2", "O3": "62.6", "O3_8hr": "52", "PM10": "27", "PM2.5": "16", "NO2": "4", "NOx": "5.4", "NO": "1.4", "WindSpeed": "2.1", "WindDirec": "313", "PublishTime": "2021/09/17 15:00:00", "PM2.5_AVG": "19", "PM10_AVG": "31", "SO2_AVG": "2", "Longitude": "120.31725", "Latitude": "23.305633", "SiteId": "43", "ImportDate": "2021-09-17 15:54:01.273000"}, {"SiteName": "\u5584\u5316", "County": "\u81fa\u5357\u5e02", "AQI": "48", "Pollutant": "", "Status": "\u826f\u597d", "SO2": "1.8", "CO": "0.14", "CO_8hr": "0.2", "O3": "58.5", "O3_8hr": "52", "PM10": "23", "PM2.5": "13", "NO2": "5.4", "NOx": "5.8", "NO": "0.4", "WindSpeed": "2", "WindDirec": "291", "PublishTime": "2021/09/17 15:00:00", "PM2.5_AVG": "14", "PM10_AVG": "24", "SO2_AVG": "2", "Longitude": "120.297142", "Latitude": "23.115097", "SiteId": "44", "ImportDate": "2021-09-17 15:54:01.273000"}, {"SiteName": "\u5b89\u5357", "County": "\u81fa\u5357\u5e02", "AQI": "44", "Pollutant": "", "Status": "\u826f\u597d", "SO2": "1", "CO": "0.18", "CO_8hr": "0.3", "O3": "58.7", "O3_8hr": "48", "PM10": "21", "PM2.5": "10", "NO2": "", "NOx": "", "NO": "", "WindSpeed": "3.5", "WindDirec": "278", "PublishTime": "2021/09/17 15:00:00", "PM2.5_AVG": "10", "PM10_AVG": "23", "SO2_AVG": "2", "Longitude": "120.2175", "Latitude": "23.048197", "SiteId": "45", "ImportDate": "2021-09-17 15:54:01.273000"}, {"SiteName": "\u81fa\u5357", "County": "\u81fa\u5357\u5e02", "AQI": "44", "Pollutant": "", "Status": "\u826f\u597d", "SO2": "0.7", "CO": "0.15", "CO_8hr": "0.2", "O3": "60.1", "O3_8hr": "48", "PM10": "16", "PM2.5": "12", "NO2": "3.3", "NOx": "4.3", "NO": "1", "WindSpeed": "2.7", "WindDirec": "256", "PublishTime": "2021/09/17 15:00:00", "PM2.5_AVG": "11", "PM10_AVG": "22", "SO2_AVG": "2", "Longitude": "120.202617", "Latitude": "22.984581", "SiteId": "46", "ImportDate": "2021-09-17 15:54:01.273000"}, {"SiteName": "\u7f8e\u6fc3", "County": "\u9ad8\u96c4\u5e02", "AQI": "38", "Pollutant": "", "Status": "\u826f\u597d", "SO2": "1.5", "CO": "0.22", "CO_8hr": "0.2", "O3": "63.5", "O3_8hr": "40", "PM10": "23", "PM2.5": "14", "NO2": "3.3", "NOx": "3.9", "NO": "0.6", "WindSpeed": "1.2", "WindDirec": "279", "PublishTime": "2021/09/17 15:00:00", "PM2.5_AVG": "11", "PM10_AVG": "21", "SO2_AVG": "1", "Longitude": "120.530542", "Latitude": "22.883583", "SiteId": "47", "ImportDate": "2021-09-17 15:54:01.273000"}, {"SiteName": "\u6a4b\u982d", "County": "\u9ad8\u96c4\u5e02", "AQI": "34", "Pollutant": "", "Status": "\u826f\u597d", "SO2": "0.7", "CO": "0.11", "CO_8hr": "0.2", "O3": "34.1", "O3_8hr": "35", "PM10": "15", "PM2.5": "5", "NO2": "1", "NOx": "2.3", "NO": "1.3", "WindSpeed": "3.9", "WindDirec": "245", "PublishTime": "2021/09/17 15:00:00", "PM2.5_AVG": "10", "PM10_AVG": "19", "SO2_AVG": "1", "Longitude": "120.305689", "Latitude": "22.757506", "SiteId": "48", "ImportDate": "2021-09-17 15:54:01.273000"}, {"SiteName": "\u4ec1\u6b66", "County": "\u9ad8\u96c4\u5e02", "AQI": "34", "Pollutant": "", "Status": "\u826f\u597d", "SO2": "2.4", "CO": "0.14", "CO_8hr": "0.2", "O3": "36.2", "O3_8hr": "35", "PM10": "13", "PM2.5": "5", "NO2": "6.4", "NOx": "8.5", "NO": "2", "WindSpeed": "2", "WindDirec": "283", "PublishTime": "2021/09/17 15:00:00", "PM2.5_AVG": "10", "PM10_AVG": "20", "SO2_AVG": "3", "Longitude": "120.332631", "Latitude": "22.689056", "SiteId": "49", "ImportDate": "2021-09-17 15:54:01.273000"}, {"SiteName": "\u9cf3\u5c71", "County": "\u9ad8\u96c4\u5e02", "AQI": "54", "Pollutant": "\u7d30\u61f8\u6d6e\u5fae\u7c92", "Status": "\u666e\u901a", "SO2": "2", "CO": "0.3", "CO_8hr": "0.4", "O3": "29.6", "O3_8hr": "32", "PM10": "9", "PM2.5": "13", "NO2": "10", "NOx": "14.2", "NO": "4.1", "WindSpeed": "1.3", "WindDirec": "246", "PublishTime": "2021/09/17 15:00:00", "PM2.5_AVG": "16", "PM10_AVG": "18", "SO2_AVG": "5", "Longitude": "120.358083", "Latitude": "22.627392", "SiteId": "50", "ImportDate": "2021-09-17 15:54:01.273000"}, {"SiteName": "\u5927\u5bee", "County": "\u9ad8\u96c4\u5e02", "AQI": "31", "Pollutant": "", "Status": "\u826f\u597d", "SO2": "5.2", "CO": "0.13", "CO_8hr": "0.1", "O3": "31.3", "O3_8hr": "33", "PM10": "12", "PM2.5": "3", "NO2": "5.9", "NOx": "7.1", "NO": "1.1", "WindSpeed": "2.3", "WindDirec": "214", "PublishTime": "2021/09/17 15:00:00", "PM2.5_AVG": "7", "PM10_AVG": "18", "SO2_AVG": "1", "Longitude": "120.425311", "Latitude": "22.56413611", "SiteId": "51", "ImportDate": "2021-09-17 15:54:01.273000"}, {"SiteName": "\u6797\u5712", "County": "\u9ad8\u96c4\u5e02", "AQI": "28", "Pollutant": "", "Status": "\u826f\u597d", "SO2": "0.6", "CO": "0.1", "CO_8hr": "0.1", "O3": "25.3", "O3_8hr": "30", "PM10": "5", "PM2.5": "4", "NO2": "1.2", "NOx": "2.3", "NO": "1", "WindSpeed": "2.5", "WindDirec": "233", "PublishTime": "2021/09/17 15:00:00", "PM2.5_AVG": "6", "PM10_AVG": "13", "SO2_AVG": "1", "Longitude": "120.41175", "Latitude": "22.4795", "SiteId": "52", "ImportDate": "2021-09-17 15:54:01.273000"}, {"SiteName": "\u6960\u6893", "County": "\u9ad8\u96c4\u5e02", "AQI": "32", "Pollutant": "", "Status": "\u826f\u597d", "SO2": "1.7", "CO": "0.15", "CO_8hr": "0.2", "O3": "35.6", "O3_8hr": "35", "PM10": "18", "PM2.5": "8", "NO2": "2.1", "NOx": "3.4", "NO": "1.2", "WindSpeed": "2.4", "WindDirec": "290", "PublishTime": "2021/09/17 15:00:00", "PM2.5_AVG": "10", "PM10_AVG": "20", "SO2_AVG": "2", "Longitude": "120.328289", "Latitude": "22.733667", "SiteId": "53", "ImportDate": "2021-09-17 15:54:01.273000"}, {"SiteName": "\u5de6\u71df", "County": "\u9ad8\u96c4\u5e02", "AQI": "31", "Pollutant": "", "Status": "\u826f\u597d", "SO2": "1.6", "CO": "0.1", "CO_8hr": "0.2", "O3": "31.6", "O3_8hr": "33", "PM10": "14", "PM2.5": "4", "NO2": "1.6", "NOx": "2.9", "NO": "1.3", "WindSpeed": "2.8", "WindDirec": "290", "PublishTime": "2021/09/17 15:00:00", "PM2.5_AVG": "9", "PM10_AVG": "18", "SO2_AVG": "4", "Longitude": "120.292917", "Latitude": "22.674861", "SiteId": "54", "ImportDate": "2021-09-17 15:54:01.273000"}, {"SiteName": "\u524d\u91d1", "County": "\u9ad8\u96c4\u5e02", "AQI": "26", "Pollutant": "", "Status": "\u826f\u597d", "SO2": "0.5", "CO": "0.1", "CO_8hr": "0.2", "O3": "27.5", "O3_8hr": "28", "PM10": "4", "PM2.5": "4", "NO2": "2.5", "NOx": "4.1", "NO": "1.6", "WindSpeed": "3", "WindDirec": "267", "PublishTime": "2021/09/17 15:00:00", "PM2.5_AVG": "7", "PM10_AVG": "10", "SO2_AVG": "2", "Longitude": "120.288086", "Latitude": "22.632567", "SiteId": "56", "ImportDate": "2021-09-17 15:54:01.273000"}, {"SiteName": "\u524d\u93ae", "County": "\u9ad8\u96c4\u5e02", "AQI": "24", "Pollutant": "", "Status": "\u826f\u597d", "SO2": "1.3", "CO": "0.16", "CO_8hr": "0.3", "O3": "29.9", "O3_8hr": "26", "PM10": "8", "PM2.5": "5", "NO2": "5.8", "NOx": "8.2", "NO": "2.4", "WindSpeed": "1.5", "WindDirec": "233", "PublishTime": "2021/09/17 15:00:00", "PM2.5_AVG": "7", "PM10_AVG": "15", "SO2_AVG": "2", "Longitude": "120.307564", "Latitude": "22.605386", "SiteId": "57", "ImportDate": "2021-09-17 15:54:01.273000"}, {"SiteName": "\u5c0f\u6e2f", "County": "\u9ad8\u96c4\u5e02", "AQI": "31", "Pollutant": "", "Status": "\u826f\u597d", "SO2": "2.4", "CO": "0.11", "CO_8hr": "0.2", "O3": "21.4", "O3_8hr": "21", "PM10": "12", "PM2.5": "5", "NO2": "9.3", "NOx": "13.5", "NO": "4.2", "WindSpeed": "2.3", "WindDirec": "263", "PublishTime": "2021/09/17 15:00:00", "PM2.5_AVG": "9", "PM10_AVG": "17", "SO2_AVG": "6", "Longitude": "120.337736", "Latitude": "22.565833", "SiteId": "58", "ImportDate": "2021-09-17 15:54:01.273000"}, {"SiteName": "\u5c4f\u6771", "County": "\u5c4f\u6771\u7e23", "AQI": "51", "Pollutant": "\u7d30\u61f8\u6d6e\u5fae\u7c92", "Status": "\u666e\u901a", "SO2": "4.3", "CO": "0.23", "CO_8hr": "0.2", "O3": "57.8", "O3_8hr": "51", "PM10": "25", "PM2.5": "14", "NO2": "10", "NOx": "11.2", "NO": "1.1", "WindSpeed": "3", "WindDirec": "273", "PublishTime": "2021/09/17 15:00:00", "PM2.5_AVG": "15", "PM10_AVG": "29", "SO2_AVG": "1", "Longitude": "120.488033", "Latitude": "22.673081", "SiteId": "59", "ImportDate": "2021-09-17 15:54:01.273000"}, {"SiteName": "\u6f6e\u5dde", "County": "\u5c4f\u6771\u7e23", "AQI": "36", "Pollutant": "", "Status": "\u826f\u597d", "SO2": "0.6", "CO": "0.1", "CO_8hr": "0.1", "O3": "29", "O3_8hr": "39", "PM10": "9", "PM2.5": "4", "NO2": "3.4", "NOx": "5", "NO": "1.6", "WindSpeed": "3.3", "WindDirec": "232", "PublishTime": "2021/09/17 15:00:00", "PM2.5_AVG": "7", "PM10_AVG": "16", "SO2_AVG": "0", "Longitude": "120.561175", "Latitude": "22.523108", "SiteId": "60", "ImportDate": "2021-09-17 15:54:01.273000"}, {"SiteName": "\u6046\u6625", "County": "\u5c4f\u6771\u7e23", "AQI": "24", "Pollutant": "", "Status": "\u826f\u597d", "SO2": "1.1", "CO": "0.08", "CO_8hr": "0.1", "O3": "24.2", "O3_8hr": "26", "PM10": "4", "PM2.5": "2", "NO2": "1", "NOx": "1.4", "NO": "0.3", "WindSpeed": "3.1", "WindDirec": "117", "PublishTime": "2021/09/17 15:00:00", "PM2.5_AVG": "2", "PM10_AVG": "6", "SO2_AVG": "1", "Longitude": "120.788928", "Latitude": "21.958069", "SiteId": "61", "ImportDate": "2021-09-17 15:54:01.273000"}, {"SiteName": "\u81fa\u6771", "County": "\u81fa\u6771\u7e23", "AQI": "31", "Pollutant": "", "Status": "\u826f\u597d", "SO2": "1.5", "CO": "0.19", "CO_8hr": "0.2", "O3": "36.1", "O3_8hr": "34", "PM10": "9", "PM2.5": "3", "NO2": "3.5", "NOx": "5.4", "NO": "1.9", "WindSpeed": "1.6", "WindDirec": "91", "PublishTime": "2021/09/17 15:00:00", "PM2.5_AVG": "6", "PM10_AVG": "15", "SO2_AVG": "1", "Longitude": "121.15045", "Latitude": "22.755358", "SiteId": "62", "ImportDate": "2021-09-17 15:54:01.273000"}, {"SiteName": "\u82b1\u84ee", "County": "\u82b1\u84ee\u7e23", "AQI": "33", "Pollutant": "", "Status": "\u826f\u597d", "SO2": "0.8", "CO": "0.18", "CO_8hr": "0.1", "O3": "43.7", "O3_8hr": "36", "PM10": "12", "PM2.5": "7", "NO2": "2.5", "NOx": "2.8", "NO": "0.3", "WindSpeed": "3.5", "WindDirec": "94", "PublishTime": "2021/09/17 15:00:00", "PM2.5_AVG": "6", "PM10_AVG": "14", "SO2_AVG": "0", "Longitude": "121.599769", "Latitude": "23.971306", "SiteId": "63", "ImportDate": "2021-09-17 15:54:01.273000"}, {"SiteName": "\u967d\u660e", "County": "\u81fa\u5317\u5e02", "AQI": "57", "Pollutant": "\u7d30\u61f8\u6d6e\u5fae\u7c92", "Status": "\u666e\u901a", "SO2": "0.4", "CO": "0.22", "CO_8hr": "0.2", "O3": "57.9", "O3_8hr": "43", "PM10": "19", "PM2.5": "19", "NO2": "1.8", "NOx": "2.1", "NO": "0.3", "WindSpeed": "1.6", "WindDirec": "10", "PublishTime": "2021/09/17 15:00:00", "PM2.5_AVG": "17", "PM10_AVG": "21", "SO2_AVG": "0", "Longitude": "121.529583", "Latitude": "25.182722", "SiteId": "64", "ImportDate": "2021-09-17 15:54:01.273000"}, {"SiteName": "\u5b9c\u862d", "County": "\u5b9c\u862d\u7e23", "AQI": "35", "Pollutant": "", "Status": "\u826f\u597d", "SO2": "3", "CO": "0.17", "CO_8hr": "0.2", "O3": "40.6", "O3_8hr": "38", "PM10": "16", "PM2.5": "8", "NO2": "4", "NOx": "4.6", "NO": "0.6", "WindSpeed": "2.5", "WindDirec": "78", "PublishTime": "2021/09/17 15:00:00", "PM2.5_AVG": "10", "PM10_AVG": "19", "SO2_AVG": "1", "Longitude": "121.746394", "Latitude": "24.747917", "SiteId": "65", "ImportDate": "2021-09-17 15:54:01.273000"}, {"SiteName": "\u51ac\u5c71", "County": "\u5b9c\u862d\u7e23", "AQI": "30", "Pollutant": "", "Status": "\u826f\u597d", "SO2": "0.7", "CO": "0.2", "CO_8hr": "0.2", "O3": "33.7", "O3_8hr": "32", "PM10": "13", "PM2.5": "9", "NO2": "8.6", "NOx": "11.5", "NO": "2.9", "WindSpeed": "1.9", "WindDirec": "62", "PublishTime": "2021/09/17 15:00:00", "PM2.5_AVG": "8", "PM10_AVG": "19", "SO2_AVG": "0", "Longitude": "121.792928", "Latitude": "24.632203", "SiteId": "66", "ImportDate": "2021-09-17 15:54:01.273000"}, {"SiteName": "\u4e09\u91cd", "County": "\u65b0\u5317\u5e02", "AQI": "68", "Pollutant": "\u7d30\u61f8\u6d6e\u5fae\u7c92", "Status": "\u666e\u901a", "SO2": "2", "CO": "1.07", "CO_8hr": "1.1", "O3": "15.2", "O3_8hr": "27", "PM10": "34", "PM2.5": "23", "NO2": "39.9", "NOx": "89.1", "NO": "49.2", "WindSpeed": "-", "WindDirec": "-", "PublishTime": "2021/09/17 15:00:00", "PM2.5_AVG": "22", "PM10_AVG": "39", "SO2_AVG": "1", "Longitude": "121.493806", "Latitude": "25.072611", "SiteId": "67", "ImportDate": "2021-09-17 15:54:01.273000"}, {"SiteName": "\u4e2d\u58e2", "County": "\u6843\u5712\u5e02", "AQI": "79", "Pollutant": "\u7d30\u61f8\u6d6e\u5fae\u7c92", "Status": "\u666e\u901a", "SO2": "2.2", "CO": "0.66", "CO_8hr": "1", "O3": "52.9", "O3_8hr": "37", "PM10": "47", "PM2.5": "35", "NO2": "38.7", "NOx": "47.3", "NO": "8.5", "WindSpeed": "1.1", "WindDirec": "340", "PublishTime": "2021/09/17 15:00:00", "PM2.5_AVG": "26", "PM10_AVG": "39", "SO2_AVG": "1", "Longitude": "121.221667", "Latitude": "24.953278", "SiteId": "68", "ImportDate": "2021-09-17 15:54:01.273000"}, {"SiteName": "\u7af9\u5c71", "County": "\u5357\u6295\u7e23", "AQI": "70", "Pollutant": "\u7d30\u61f8\u6d6e\u5fae\u7c92", "Status": "\u666e\u901a", "SO2": "2.1", "CO": "0.19", "CO_8hr": "0.1", "O3": "78.5", "O3_8hr": "54", "PM10": "36", "PM2.5": "31", "NO2": "5.8", "NOx": "6.8", "NO": "1", "WindSpeed": "2.2", "WindDirec": "295", "PublishTime": "2021/09/17 15:00:00", "PM2.5_AVG": "23", "PM10_AVG": "31", "SO2_AVG": "1", "Longitude": "120.677306", "Latitude": "23.756389", "SiteId": "69", "ImportDate": "2021-09-17 15:54:01.273000"}, {"SiteName": "\u6c38\u548c", "County": "\u65b0\u5317\u5e02", "AQI": "67", "Pollutant": "\u7d30\u61f8\u6d6e\u5fae\u7c92", "Status": "\u666e\u901a", "SO2": "1.9", "CO": "0.49", "CO_8hr": "1", "O3": "32.5", "O3_8hr": "40", "PM10": "27", "PM2.5": "24", "NO2": "22.7", "NOx": "27", "NO": "4.3", "WindSpeed": "1.1", "WindDirec": "83", "PublishTime": "2021/09/17 15:00:00", "PM2.5_AVG": "21", "PM10_AVG": "30", "SO2_AVG": "0", "Longitude": "121.516306", "Latitude": "25.017", "SiteId": "70", "ImportDate": "2021-09-17 15:54:01.273000"}, {"SiteName": "\u5fa9\u8208", "County": "\u9ad8\u96c4\u5e02", "AQI": "22", "Pollutant": "", "Status": "\u826f\u597d", "SO2": "0.9", "CO": "0.21", "CO_8hr": "0.3", "O3": "26.8", "O3_8hr": "24", "PM10": "24", "PM2.5": "1", "NO2": "", "NOx": "", "NO": "", "WindSpeed": "1.2", "WindDirec": "275", "PublishTime": "2021/09/17 15:00:00", "PM2.5_AVG": "6", "PM10_AVG": "17", "SO2_AVG": "2", "Longitude": "120.312017", "Latitude": "22.608711", "SiteId": "71", "ImportDate": "2021-09-17 15:54:01.273000"}, {"SiteName": "\u57d4\u91cc", "County": "\u5357\u6295\u7e23", "AQI": "47", "Pollutant": "", "Status": "\u826f\u597d", "SO2": "1.5", "CO": "0.2", "CO_8hr": "0.2", "O3": "63.4", "O3_8hr": "42", "PM10": "30", "PM2.5": "20", "NO2": "2.9", "NOx": "4", "NO": "1", "WindSpeed": "3.3", "WindDirec": "269", "PublishTime": "2021/09/17 15:00:00", "PM2.5_AVG": "14", "PM10_AVG": "23", "SO2_AVG": "1", "Longitude": "120.967903", "Latitude": "23.968842", "SiteId": "72", "ImportDate": "2021-09-17 15:54:01.273000"}, {"SiteName": "\u99ac\u7956", "County": "\u9023\u6c5f\u7e23", "AQI": "51", "Pollutant": "\u81ed\u6c27\u516b\u5c0f\u6642", "Status": "\u666e\u901a", "SO2": "0.8", "CO": "0.18", "CO_8hr": "0.1", "O3": "63.7", "O3_8hr": "55", "PM10": "19", "PM2.5": "8", "NO2": "2.5", "NOx": "4.9", "NO": "2.3", "WindSpeed": "0.3", "WindDirec": "227", "PublishTime": "2021/09/17 15:00:00", "PM2.5_AVG": "9", "PM10_AVG": "16", "SO2_AVG": "0", "Longitude": "119.949875", "Latitude": "26.160469", "SiteId": "75", "ImportDate": "2021-09-17 15:54:01.273000"}, {"SiteName": "\u91d1\u9580", "County": "\u91d1\u9580\u7e23", "AQI": "61", "Pollutant": "\u7d30\u61f8\u6d6e\u5fae\u7c92", "Status": "\u666e\u901a", "SO2": "1.7", "CO": "0.18", "CO_8hr": "0.2", "O3": "63.5", "O3_8hr": "57", "PM10": "26", "PM2.5": "16", "NO2": "1.8", "NOx": "2.4", "NO": "0.5", "WindSpeed": "4", "WindDirec": "125", "PublishTime": "2021/09/17 15:00:00", "PM2.5_AVG": "19", "PM10_AVG": "30", "SO2_AVG": "1", "Longitude": "118.312256", "Latitude": "24.432133", "SiteId": "77", "ImportDate": "2021-09-17 15:54:01.273000"}, {"SiteName": "\u99ac\u516c", "County": "\u6f8e\u6e56\u7e23", "AQI": "58", "Pollutant": "\u81ed\u6c27\u516b\u5c0f\u6642", "Status": "\u666e\u901a", "SO2": "1", "CO": "0.17", "CO_8hr": "0.2", "O3": "56.1", "O3_8hr": "57", "PM10": "17", "PM2.5": "10", "NO2": "1.6", "NOx": "2.5", "NO": "0.8", "WindSpeed": "1.9", "WindDirec": "293", "PublishTime": "2021/09/17 15:00:00", "PM2.5_AVG": "13", "PM10_AVG": "20", "SO2_AVG": "1", "Longitude": "119.566158", "Latitude": "23.569031", "SiteId": "78", "ImportDate": "2021-09-17 15:54:01.273000"}, {"SiteName": "\u95dc\u5c71", "County": "\u81fa\u6771\u7e23", "AQI": "23", "Pollutant": "", "Status": "\u826f\u597d", "SO2": "1.2", "CO": "-", "CO_8hr": "-", "O3": "31.8", "O3_8hr": "25", "PM10": "14", "PM2.5": "3", "NO2": "2.9", "NOx": "3.8", "NO": "0.9", "WindSpeed": "1.7", "WindDirec": "218", "PublishTime": "2021/09/17 15:00:00", "PM2.5_AVG": "3", "PM10_AVG": "15", "SO2_AVG": "1", "Longitude": "121.161933", "Latitude": "23.045083", "SiteId": "80", "ImportDate": "2021-09-17 15:54:01.273000"}, {"SiteName": "\u9ea5\u5bee", "County": "\u96f2\u6797\u7e23", "AQI": "54", "Pollutant": "\u7d30\u61f8\u6d6e\u5fae\u7c92", "Status": "\u666e\u901a", "SO2": "2.8", "CO": "0.19", "CO_8hr": "0.2", "O3": "72.5", "O3_8hr": "56", "PM10": "35", "PM2.5": "16", "NO2": "7.2", "NOx": "8.2", "NO": "0.9", "WindSpeed": "1.8", "WindDirec": "315", "PublishTime": "2021/09/17 15:00:00", "PM2.5_AVG": "16", "PM10_AVG": "29", "SO2_AVG": "1", "Longitude": "120.251825", "Latitude": "23.753506", "SiteId": "83", "ImportDate": "2021-09-17 15:54:01.273000"}, {"SiteName": "\u5bcc\u8cb4\u89d2", "County": "\u65b0\u5317\u5e02", "AQI": "47", "Pollutant": "", "Status": "\u826f\u597d", "SO2": "0.2", "CO": "0.18", "CO_8hr": "0.1", "O3": "67.4", "O3_8hr": "51", "PM10": "22", "PM2.5": "10", "NO2": "0.5", "NOx": "0.6", "NO": "0", "WindSpeed": "6.8", "WindDirec": "92", "PublishTime": "2021/09/17 15:00:00", "PM2.5_AVG": "11", "PM10_AVG": "42", "SO2_AVG": "0", "Longitude": "121.54738", "Latitude": "25.29228", "SiteId": "84", "ImportDate": "2021-09-17 15:54:01.273000"}, {"SiteName": "\u5927\u57ce", "County": "\u5f70\u5316\u7e23", "AQI": "60", "Pollutant": "\u7d30\u61f8\u6d6e\u5fae\u7c92", "Status": "\u666e\u901a", "SO2": "1.9", "CO": "0.15", "CO_8hr": "0.1", "O3": "70.6", "O3_8hr": "55", "PM10": "28", "PM2.5": "20", "NO2": "0.2", "NOx": "1.4", "NO": "1.2", "WindSpeed": "4.6", "WindDirec": "320", "PublishTime": "2021/09/17 15:00:00", "PM2.5_AVG": "19", "PM10_AVG": "30", "SO2_AVG": "1", "Longitude": "120.26964167", "Latitude": "23.85493056", "SiteId": "85", "ImportDate": "2021-09-17 15:54:01.273000"}, {"SiteName": "\u6e56\u5167", "County": "\u9ad8\u96c4\u5e02", "AQI": "40", "Pollutant": "", "Status": "\u826f\u597d", "SO2": "2.3", "CO": "0.17", "CO_8hr": "0.2", "O3": "49.1", "O3_8hr": "43", "PM10": "16", "PM2.5": "9", "NO2": "2.5", "NOx": "3.7", "NO": "1.2", "WindSpeed": "1.8", "WindDirec": "59", "PublishTime": "2021/09/17 15:00:00", "PM2.5_AVG": "11", "PM10_AVG": "21", "SO2_AVG": "3", "Longitude": "120.24535", "Latitude": "22.87985556", "SiteId": "202", "ImportDate": "2021-09-17 15:54:01.273000"}, {"SiteName": "\u81fa\u5357(\u9ebb\u8c46)", "County": "\u81fa\u5357\u5e02", "AQI": "50", "Pollutant": "", "Status": "\u826f\u597d", "SO2": "1.4", "CO": "0.17", "CO_8hr": "0.3", "O3": "57.5", "O3_8hr": "45", "PM10": "25", "PM2.5": "11", "NO2": "4.6", "NOx": "6.2", "NO": "1.6", "WindSpeed": "1.7", "WindDirec": "350", "PublishTime": "2021/09/17 15:00:00", "PM2.5_AVG": "15", "PM10_AVG": "29", "SO2_AVG": "2", "Longitude": "120.24583056", "Latitude": "23.17904722", "SiteId": "203", "ImportDate": "2021-09-17 15:54:01.273000"}, {"SiteName": "\u5c4f\u6771(\u7409\u7403)", "County": "\u5c4f\u6771\u7e23", "AQI": "21", "Pollutant": "", "Status": "\u826f\u597d", "SO2": "0.4", "CO": "0.15", "CO_8hr": "0.1", "O3": "22.4", "O3_8hr": "", "PM10": "18", "PM2.5": "4", "NO2": "1.9", "NOx": "2.7", "NO": "0.7", "WindSpeed": "0.9", "WindDirec": "181", "PublishTime": "2021/09/17 15:00:00", "PM2.5_AVG": "6", "PM10_AVG": "14", "SO2_AVG": "0", "Longitude": "120.37722", "Latitude": "22.35222", "SiteId": "204", "ImportDate": "2021-09-17 15:54:01.273000"}, {"SiteName": "\u65b0\u5317(\u6a39\u6797)", "County": "\u65b0\u5317\u5e02", "AQI": "67", "Pollutant": "\u7d30\u61f8\u6d6e\u5fae\u7c92", "Status": "\u666e\u901a", "SO2": "0.6", "CO": "0.37", "CO_8hr": "0.4", "O3": "61.4", "O3_8hr": "47", "PM10": "30", "PM2.5": "21", "NO2": "14.4", "NOx": "15.3", "NO": "0.9", "WindSpeed": "0.2", "WindDirec": "140", "PublishTime": "2021/09/17 15:00:00", "PM2.5_AVG": "22", "PM10_AVG": "35", "SO2_AVG": "0", "Longitude": "121.38352778", "Latitude": "24.94902778", "SiteId": "311", "ImportDate": "2021-09-17 15:54:01.273000"}, {"SiteName": "\u81fa\u5357(\u5b78\u7532)", "County": "\u81fa\u5357\u5e02", "AQI": "44", "Pollutant": "", "Status": "\u826f\u597d", "SO2": "0.2", "CO": "0.17", "CO_8hr": "0.2", "O3": "46.6", "O3_8hr": "41", "PM10": "19", "PM2.5": "10", "NO2": "6", "NOx": "9.2", "NO": "3.2", "WindSpeed": "2.3", "WindDirec": "301", "PublishTime": "2021/09/17 15:00:00", "PM2.5_AVG": "13", "PM10_AVG": "24", "SO2_AVG": "1", "Longitude": "120.18339722", "Latitude": "23.23688056", "SiteId": "312", "ImportDate": "2021-09-17 15:54:01.273000"}, {"SiteName": "\u5c4f\u6771(\u5efa\u8208)", "County": "\u5c4f\u6771\u7e23", "AQI": "31", "Pollutant": "", "Status": "\u826f\u597d", "SO2": "3.8", "CO": "0.1", "CO_8hr": "0.1", "O3": "27.4", "O3_8hr": "33", "PM10": "5", "PM2.5": "2", "NO2": "0.9", "NOx": "1.1", "NO": "0.1", "WindSpeed": "0.4", "WindDirec": "96", "PublishTime": "2021/09/17 15:00:00", "PM2.5_AVG": "6", "PM10_AVG": "11", "SO2_AVG": "0", "Longitude": "121.00379167", "Latitude": "22.650525", "SiteId": "313", "ImportDate": "2021-09-17 15:54:01.273000"}], "limit": 1000, "offset": 0, "_links": {"start": "/api/v1/aqx_p_432?api_key=9be7b239-557b-4c10-9775-78cadfc555e9&format=json", "next": "/api/v1/aqx_p_432?api_key=9be7b239-557b-4c10-9775-78cadfc555e9&offset=1000&format=json"}, "distribution": [{"qcLevel": "/result/records"}], "total": 84}